"day","dish_name","meal_name","ingredient","weight","recipe"
"Dzień 1","Bułka z szynką i ajvarem","Śniadanie","Bułka razowa","70 g","Pieczywo (możesz podgrzać go w tosterze) posmaruj pastą. Połóż plastry szynki i warzyw, skrop oliwą."
"Dzień 1","Bułka z szynką i ajvarem","Śniadanie","Ajvar pasta paprykow-bakłażanowa łagodna","50 g","Pieczywo (możesz podgrzać go w tosterze) posmaruj pastą. Połóż plastry szynki i warzyw, skrop oliwą."
"Dzień 1","Bułka z szynką i ajvarem","Śniadanie","Szynka z indyka","60 g","Pieczywo (możesz podgrzać go w tosterze) posmaruj pastą. Połóż plastry szynki i warzyw, skrop oliwą."
"Dzień 1","Bułka z szynką i ajvarem","Śniadanie","Sałata lodowa","80 g","Pieczywo (możesz podgrzać go w tosterze) posmaruj pastą. Połóż plastry szynki i warzyw, skrop oliwą."
"Dzień 1","Bułka z szynką i ajvarem","Śniadanie","Oliwa z oliwek","5 g","Pieczywo (możesz podgrzać go w tosterze) posmaruj pastą. Połóż plastry szynki i warzyw, skrop oliwą."
"Dzień 1","Bułka z szynką i ajvarem","Śniadanie","Ogórek","50 g","Pieczywo (możesz podgrzać go w tosterze) posmaruj pastą. Połóż plastry szynki i warzyw, skrop oliwą."
"Dzień 1","Banan","Śniadanie","Banan","120 g",""
"Dzień 1","Serek wiejski","Śniadanie","Serek wiejski","200 g",""
"Dzień 1","Koktajl z owocami na skyrze","Drugie śniadanie","Skyr naturalny pitny piątnica","330 g","Zmiksuj całość blenderem, dolej tyle wody, by uzyskać ulubioną konsystencję."
"Dzień 1","Koktajl z owocami na skyrze","Drugie śniadanie","Owoce leśne mrożone","100 g","Zmiksuj całość blenderem, dolej tyle wody, by uzyskać ulubioną konsystencję."
"Dzień 1","Koktajl z owocami na skyrze","Drugie śniadanie","Pasta orzechowa","20 g","Zmiksuj całość blenderem, dolej tyle wody, by uzyskać ulubioną konsystencję."
"Dzień 1","Koktajl z owocami na skyrze","Drugie śniadanie","Banan","60 g","Zmiksuj całość blenderem, dolej tyle wody, by uzyskać ulubioną konsystencję."
"Dzień 1","Koktajl z owocami na skyrze","Drugie śniadanie","Płatki owsiane","20 g","Zmiksuj całość blenderem, dolej tyle wody, by uzyskać ulubioną konsystencję."
"Dzień 1","Jednogarnkowe danie z ziemniakami, cukinią i indykiem","Obiad","Indyk mielony 93% mięso 7% tłuszcz surowy","200 g","Cukinię i ziemniaki obierz i pokrój w talarki. W garnku lub głębokiej patelni rozgrzewamy olej. Dodaj mięso mielone i podsmaż do zarumienienia (ok. 5 minut). Następnie dodaj pokrojone warzywa i smaż całość przez kolejne 5 minut, dokładnie wymieszaj. Dopraw solą, pieprzem, oregano, papryką. Zalej całość do powierzchni warzyw woda/bulionem. Doprowadź do wrzenia i zmniejsz ogień. Danie gotuj na wolnym ogniu, pod częściowym przykryciem przez 20-25 minut. Na koniec posyp posiekaną natką pietruszki lub bazylią."
"Dzień 1","Jednogarnkowe danie z ziemniakami, cukinią i indykiem","Obiad","Ziemniak","300 g","Cukinię i ziemniaki obierz i pokrój w talarki. W garnku lub głębokiej patelni rozgrzewamy olej. Dodaj mięso mielone i podsmaż do zarumienienia (ok. 5 minut). Następnie dodaj pokrojone warzywa i smaż całość przez kolejne 5 minut, dokładnie wymieszaj. Dopraw solą, pieprzem, oregano, papryką. Zalej całość do powierzchni warzyw woda/bulionem. Doprowadź do wrzenia i zmniejsz ogień. Danie gotuj na wolnym ogniu, pod częściowym przykryciem przez 20-25 minut. Na koniec posyp posiekaną natką pietruszki lub bazylią."
"Dzień 1","Jednogarnkowe danie z ziemniakami, cukinią i indykiem","Obiad","Cukinia","200 g","Cukinię i ziemniaki obierz i pokrój w talarki. W garnku lub głębokiej patelni rozgrzewamy olej. Dodaj mięso mielone i podsmaż do zarumienienia (ok. 5 minut). Następnie dodaj pokrojone warzywa i smaż całość przez kolejne 5 minut, dokładnie wymieszaj. Dopraw solą, pieprzem, oregano, papryką. Zalej całość do powierzchni warzyw woda/bulionem. Doprowadź do wrzenia i zmniejsz ogień. Danie gotuj na wolnym ogniu, pod częściowym przykryciem przez 20-25 minut. Na koniec posyp posiekaną natką pietruszki lub bazylią."
"Dzień 1","Jednogarnkowe danie z ziemniakami, cukinią i indykiem","Obiad","Por","100 g","Cukinię i ziemniaki obierz i pokrój w talarki. W garnku lub głębokiej patelni rozgrzewamy olej. Dodaj mięso mielone i podsmaż do zarumienienia (ok. 5 minut). Następnie dodaj pokrojone warzywa i smaż całość przez kolejne 5 minut, dokładnie wymieszaj. Dopraw solą, pieprzem, oregano, papryką. Zalej całość do powierzchni warzyw woda/bulionem. Doprowadź do wrzenia i zmniejsz ogień. Danie gotuj na wolnym ogniu, pod częściowym przykryciem przez 20-25 minut. Na koniec posyp posiekaną natką pietruszki lub bazylią."
"Dzień 1","Jednogarnkowe danie z ziemniakami, cukinią i indykiem","Obiad","Oliwa z oliwek","20 g","Cukinię i ziemniaki obierz i pokrój w talarki. W garnku lub głębokiej patelni rozgrzewamy olej. Dodaj mięso mielone i podsmaż do zarumienienia (ok. 5 minut). Następnie dodaj pokrojone warzywa i smaż całość przez kolejne 5 minut, dokładnie wymieszaj. Dopraw solą, pieprzem, oregano, papryką. Zalej całość do powierzchni warzyw woda/bulionem. Doprowadź do wrzenia i zmniejsz ogień. Danie gotuj na wolnym ogniu, pod częściowym przykryciem przez 20-25 minut. Na koniec posyp posiekaną natką pietruszki lub bazylią."
"Dzień 1","Jednogarnkowe danie z ziemniakami, cukinią i indykiem","Obiad","Sól","0.4 g","Cukinię i ziemniaki obierz i pokrój w talarki. W garnku lub głębokiej patelni rozgrzewamy olej. Dodaj mięso mielone i podsmaż do zarumienienia (ok. 5 minut). Następnie dodaj pokrojone warzywa i smaż całość przez kolejne 5 minut, dokładnie wymieszaj. Dopraw solą, pieprzem, oregano, papryką. Zalej całość do powierzchni warzyw woda/bulionem. Doprowadź do wrzenia i zmniejsz ogień. Danie gotuj na wolnym ogniu, pod częściowym przykryciem przez 20-25 minut. Na koniec posyp posiekaną natką pietruszki lub bazylią."
"Dzień 1","Jednogarnkowe danie z ziemniakami, cukinią i indykiem","Obiad","Pieprz czarny","0.4 g","Cukinię i ziemniaki obierz i pokrój w talarki. W garnku lub głębokiej patelni rozgrzewamy olej. Dodaj mięso mielone i podsmaż do zarumienienia (ok. 5 minut). Następnie dodaj pokrojone warzywa i smaż całość przez kolejne 5 minut, dokładnie wymieszaj. Dopraw solą, pieprzem, oregano, papryką. Zalej całość do powierzchni warzyw woda/bulionem. Doprowadź do wrzenia i zmniejsz ogień. Danie gotuj na wolnym ogniu, pod częściowym przykryciem przez 20-25 minut. Na koniec posyp posiekaną natką pietruszki lub bazylią."
"Dzień 1","Jednogarnkowe danie z ziemniakami, cukinią i indykiem","Obiad","Papryka słodka mielona","2 g","Cukinię i ziemniaki obierz i pokrój w talarki. W garnku lub głębokiej patelni rozgrzewamy olej. Dodaj mięso mielone i podsmaż do zarumienienia (ok. 5 minut). Następnie dodaj pokrojone warzywa i smaż całość przez kolejne 5 minut, dokładnie wymieszaj. Dopraw solą, pieprzem, oregano, papryką. Zalej całość do powierzchni warzyw woda/bulionem. Doprowadź do wrzenia i zmniejsz ogień. Danie gotuj na wolnym ogniu, pod częściowym przykryciem przez 20-25 minut. Na koniec posyp posiekaną natką pietruszki lub bazylią."
"Dzień 1","Jednogarnkowe danie z ziemniakami, cukinią i indykiem","Obiad","Pietruszka natka","20 g","Cukinię i ziemniaki obierz i pokrój w talarki. W garnku lub głębokiej patelni rozgrzewamy olej. Dodaj mięso mielone i podsmaż do zarumienienia (ok. 5 minut). Następnie dodaj pokrojone warzywa i smaż całość przez kolejne 5 minut, dokładnie wymieszaj. Dopraw solą, pieprzem, oregano, papryką. Zalej całość do powierzchni warzyw woda/bulionem. Doprowadź do wrzenia i zmniejsz ogień. Danie gotuj na wolnym ogniu, pod częściowym przykryciem przez 20-25 minut. Na koniec posyp posiekaną natką pietruszki lub bazylią."
"Dzień 1","Deser z owocami i masłem orzechowym","Podwieczorek","Owoce leśne mrożone","100 g","Wymieszaj składniki."
"Dzień 1","Deser z owocami i masłem orzechowym","Podwieczorek","Jogurt naturalny","180 g","Wymieszaj składniki."
"Dzień 1","Deser z owocami i masłem orzechowym","Podwieczorek","Pasta orzechowa","15 g","Wymieszaj składniki."
"Dzień 1","Deser z owocami i masłem orzechowym","Podwieczorek","Cynamon mielony","1 g","Wymieszaj składniki."
"Dzień 1","Deser z owocami i masłem orzechowym","Podwieczorek","Nasiona słonecznika","5 g","Wymieszaj składniki."
"Dzień 1","Deser z owocami i masłem orzechowym","Podwieczorek","Nerkowiec","30 g","Wymieszaj składniki."
"Dzień 1","Jajka w koszulce z surówką z ogórków","Kolacja","Jajko","120 g","Wodę osolić i zagotować w garnku. Gdy będzie wrząca zamieszać łyżką i wbić jajka w powstały wir. Gotować 3-4 min. i wyłowić, posmarować delikatnie majonezem. Ogórka obrać, pokroić i wymieszać z warzywami, skropić oliwą/olejem lnianym. Delikatnie doprawić solą i szczypiorkiem/natką/bazylią. Podać z pieczywem."
"Dzień 1","Jajka w koszulce z surówką z ogórków","Kolacja","Ogórek","50 g","Wodę osolić i zagotować w garnku. Gdy będzie wrząca zamieszać łyżką i wbić jajka w powstały wir. Gotować 3-4 min. i wyłowić, posmarować delikatnie majonezem. Ogórka obrać, pokroić i wymieszać z warzywami, skropić oliwą/olejem lnianym. Delikatnie doprawić solą i szczypiorkiem/natką/bazylią. Podać z pieczywem."
"Dzień 1","Jajka w koszulce z surówką z ogórków","Kolacja","Szczypiorek","10 g","Wodę osolić i zagotować w garnku. Gdy będzie wrząca zamieszać łyżką i wbić jajka w powstały wir. Gotować 3-4 min. i wyłowić, posmarować delikatnie majonezem. Ogórka obrać, pokroić i wymieszać z warzywami, skropić oliwą/olejem lnianym. Delikatnie doprawić solą i szczypiorkiem/natką/bazylią. Podać z pieczywem."
"Dzień 1","Jajka w koszulce z surówką z ogórków","Kolacja","Sałata lodowa","80 g","Wodę osolić i zagotować w garnku. Gdy będzie wrząca zamieszać łyżką i wbić jajka w powstały wir. Gotować 3-4 min. i wyłowić, posmarować delikatnie majonezem. Ogórka obrać, pokroić i wymieszać z warzywami, skropić oliwą/olejem lnianym. Delikatnie doprawić solą i szczypiorkiem/natką/bazylią. Podać z pieczywem."
"Dzień 1","Jajka w koszulce z surówką z ogórków","Kolacja","Oliwa z oliwek","5 g","Wodę osolić i zagotować w garnku. Gdy będzie wrząca zamieszać łyżką i wbić jajka w powstały wir. Gotować 3-4 min. i wyłowić, posmarować delikatnie majonezem. Ogórka obrać, pokroić i wymieszać z warzywami, skropić oliwą/olejem lnianym. Delikatnie doprawić solą i szczypiorkiem/natką/bazylią. Podać z pieczywem."
"Dzień 1","Jajka w koszulce z surówką z ogórków","Kolacja","Rzodkiewka","60 g","Wodę osolić i zagotować w garnku. Gdy będzie wrząca zamieszać łyżką i wbić jajka w powstały wir. Gotować 3-4 min. i wyłowić, posmarować delikatnie majonezem. Ogórka obrać, pokroić i wymieszać z warzywami, skropić oliwą/olejem lnianym. Delikatnie doprawić solą i szczypiorkiem/natką/bazylią. Podać z pieczywem."
"Dzień 1","Jajka w koszulce z surówką z ogórków","Kolacja","Majonez wegański substytut","15 g","Wodę osolić i zagotować w garnku. Gdy będzie wrząca zamieszać łyżką i wbić jajka w powstały wir. Gotować 3-4 min. i wyłowić, posmarować delikatnie majonezem. Ogórka obrać, pokroić i wymieszać z warzywami, skropić oliwą/olejem lnianym. Delikatnie doprawić solą i szczypiorkiem/natką/bazylią. Podać z pieczywem."
"Dzień 1","Jajka w koszulce z surówką z ogórków","Kolacja","Chleb żytni razowy","70 g","Wodę osolić i zagotować w garnku. Gdy będzie wrząca zamieszać łyżką i wbić jajka w powstały wir. Gotować 3-4 min. i wyłowić, posmarować delikatnie majonezem. Ogórka obrać, pokroić i wymieszać z warzywami, skropić oliwą/olejem lnianym. Delikatnie doprawić solą i szczypiorkiem/natką/bazylią. Podać z pieczywem."
"Dzień 2","Wrap z serkiem i łososiem","Śniadanie","Szynka wiejska","30 g","Paseczki łososia, kawałki szynki, starty na tarce obrany ogórek, serek, zioła i oliwę wymieszać na postać pasty. Posmarować tortille i zawinąć."
"Dzień 2","Wrap z serkiem i łososiem","Śniadanie","Serek kremowy do smarowania","36 g","Paseczki łososia, kawałki szynki, starty na tarce obrany ogórek, serek, zioła i oliwę wymieszać na postać pasty. Posmarować tortille i zawinąć."
"Dzień 2","Wrap z serkiem i łososiem","Śniadanie","Łosoś wędzony","50 g","Paseczki łososia, kawałki szynki, starty na tarce obrany ogórek, serek, zioła i oliwę wymieszać na postać pasty. Posmarować tortille i zawinąć."
"Dzień 2","Wrap z serkiem i łososiem","Śniadanie","Ogórek","50 g","Paseczki łososia, kawałki szynki, starty na tarce obrany ogórek, serek, zioła i oliwę wymieszać na postać pasty. Posmarować tortille i zawinąć."
"Dzień 2","Wrap z serkiem i łososiem","Śniadanie","Szczypiorek","5 g","Paseczki łososia, kawałki szynki, starty na tarce obrany ogórek, serek, zioła i oliwę wymieszać na postać pasty. Posmarować tortille i zawinąć."
"Dzień 2","Wrap z serkiem i łososiem","Śniadanie","Sól","0.2 g","Paseczki łososia, kawałki szynki, starty na tarce obrany ogórek, serek, zioła i oliwę wymieszać na postać pasty. Posmarować tortille i zawinąć."
"Dzień 2","Wrap z serkiem i łososiem","Śniadanie","Pieprz czarny","0.2 g","Paseczki łososia, kawałki szynki, starty na tarce obrany ogórek, serek, zioła i oliwę wymieszać na postać pasty. Posmarować tortille i zawinąć."
"Dzień 2","Wrap z serkiem i łososiem","Śniadanie","Tortilla pełnoziarnista","100 g","Paseczki łososia, kawałki szynki, starty na tarce obrany ogórek, serek, zioła i oliwę wymieszać na postać pasty. Posmarować tortille i zawinąć."
"Dzień 2","Wrap z serkiem i łososiem","Śniadanie","Oliwa z oliwek","5 g","Paseczki łososia, kawałki szynki, starty na tarce obrany ogórek, serek, zioła i oliwę wymieszać na postać pasty. Posmarować tortille i zawinąć."
"Dzień 2","Owsianka z masłem orzechowym i jagodami","Drugie śniadanie","Płatki owsiane","50 g","Płatki owsiane zalej wrzątkiem i odstaw. Gdy zmiękną owoce i dodatki. Chia można pominąć."
"Dzień 2","Owsianka z masłem orzechowym i jagodami","Drugie śniadanie","Czarne jagody mrożone","150 g","Płatki owsiane zalej wrzątkiem i odstaw. Gdy zmiękną owoce i dodatki. Chia można pominąć."
"Dzień 2","Owsianka z masłem orzechowym i jagodami","Drugie śniadanie","Skyr","150 g","Płatki owsiane zalej wrzątkiem i odstaw. Gdy zmiękną owoce i dodatki. Chia można pominąć."
"Dzień 2","Owsianka z masłem orzechowym i jagodami","Drugie śniadanie","Pasta orzechowa","15 g","Płatki owsiane zalej wrzątkiem i odstaw. Gdy zmiękną owoce i dodatki. Chia można pominąć."
"Dzień 2","Owsianka z masłem orzechowym i jagodami","Drugie śniadanie","Cynamon mielony","2 g","Płatki owsiane zalej wrzątkiem i odstaw. Gdy zmiękną owoce i dodatki. Chia można pominąć."
"Dzień 2","Owsianka z masłem orzechowym i jagodami","Drugie śniadanie","Nasiona chia","5 g","Płatki owsiane zalej wrzątkiem i odstaw. Gdy zmiękną owoce i dodatki. Chia można pominąć."
"Dzień 2","Spaghetti z pulpecikami","Obiad","Makaron spaghetti","80 g","Makaron ugotuj al dente. Posiekaj drobno natkę pietruszki i czosnek. Przełóż do dużej miski, dodaj mięso. Przypraw solą i pieprzem. Z masy mięsnej formuj małe kuleczki. Ugotuj do miękkości w bulionie. Na patelni rozgrzej oliwę, wlej pomidory, dopraw ziołami i po ok. 10 min. dodaj odsączone pulpety oraz makaron. Podawaj posypane natką pietruszki."
"Dzień 2","Spaghetti z pulpecikami","Obiad","Passata pomidorowa","400 g","Makaron ugotuj al dente. Posiekaj drobno natkę pietruszki i czosnek. Przełóż do dużej miski, dodaj mięso. Przypraw solą i pieprzem. Z masy mięsnej formuj małe kuleczki. Ugotuj do miękkości w bulionie. Na patelni rozgrzej oliwę, wlej pomidory, dopraw ziołami i po ok. 10 min. dodaj odsączone pulpety oraz makaron. Podawaj posypane natką pietruszki."
"Dzień 2","Spaghetti z pulpecikami","Obiad","Wołowina mielona","200 g","Makaron ugotuj al dente. Posiekaj drobno natkę pietruszki i czosnek. Przełóż do dużej miski, dodaj mięso. Przypraw solą i pieprzem. Z masy mięsnej formuj małe kuleczki. Ugotuj do miękkości w bulionie. Na patelni rozgrzej oliwę, wlej pomidory, dopraw ziołami i po ok. 10 min. dodaj odsączone pulpety oraz makaron. Podawaj posypane natką pietruszki."
"Dzień 2","Spaghetti z pulpecikami","Obiad","Czosnek surowy","5 g","Makaron ugotuj al dente. Posiekaj drobno natkę pietruszki i czosnek. Przełóż do dużej miski, dodaj mięso. Przypraw solą i pieprzem. Z masy mięsnej formuj małe kuleczki. Ugotuj do miękkości w bulionie. Na patelni rozgrzej oliwę, wlej pomidory, dopraw ziołami i po ok. 10 min. dodaj odsączone pulpety oraz makaron. Podawaj posypane natką pietruszki."
"Dzień 2","Spaghetti z pulpecikami","Obiad","Oliwa z oliwek","10 g","Makaron ugotuj al dente. Posiekaj drobno natkę pietruszki i czosnek. Przełóż do dużej miski, dodaj mięso. Przypraw solą i pieprzem. Z masy mięsnej formuj małe kuleczki. Ugotuj do miękkości w bulionie. Na patelni rozgrzej oliwę, wlej pomidory, dopraw ziołami i po ok. 10 min. dodaj odsączone pulpety oraz makaron. Podawaj posypane natką pietruszki."
"Dzień 2","Spaghetti z pulpecikami","Obiad","Pietruszka natka","20 g","Makaron ugotuj al dente. Posiekaj drobno natkę pietruszki i czosnek. Przełóż do dużej miski, dodaj mięso. Przypraw solą i pieprzem. Z masy mięsnej formuj małe kuleczki. Ugotuj do miękkości w bulionie. Na patelni rozgrzej oliwę, wlej pomidory, dopraw ziołami i po ok. 10 min. dodaj odsączone pulpety oraz makaron. Podawaj posypane natką pietruszki."
"Dzień 2","Spaghetti z pulpecikami","Obiad","Oregano suszone","2 g","Makaron ugotuj al dente. Posiekaj drobno natkę pietruszki i czosnek. Przełóż do dużej miski, dodaj mięso. Przypraw solą i pieprzem. Z masy mięsnej formuj małe kuleczki. Ugotuj do miękkości w bulionie. Na patelni rozgrzej oliwę, wlej pomidory, dopraw ziołami i po ok. 10 min. dodaj odsączone pulpety oraz makaron. Podawaj posypane natką pietruszki."
"Dzień 2","Nerkowiec","Podwieczorek","Nerkowiec","30 g",""
"Dzień 2","Czekolada gorzka 85% kakao","Podwieczorek","Czekolada gorzka 85% kakao","20 g",""
"Dzień 2","Grzanki z mozzarellą","Kolacja","Chleb żytni razowy","70 g","Przygotuj kanapki z mozzarellą i zapiecz (opcjonalnie) z kiełbaskami i paseczkami papryki w airfryerze."
"Dzień 2","Grzanki z mozzarellą","Kolacja","Ser mozzarella","60 g","Przygotuj kanapki z mozzarellą i zapiecz (opcjonalnie) z kiełbaskami i paseczkami papryki w airfryerze."
"Dzień 2","Grzanki z mozzarellą","Kolacja","Sól","0.2 g","Przygotuj kanapki z mozzarellą i zapiecz (opcjonalnie) z kiełbaskami i paseczkami papryki w airfryerze."
"Dzień 2","Grzanki z mozzarellą","Kolacja","Pieprz czarny","0.2 g","Przygotuj kanapki z mozzarellą i zapiecz (opcjonalnie) z kiełbaskami i paseczkami papryki w airfryerze."
"Dzień 2","Grzanki z mozzarellą","Kolacja","Zioła prowansalskie","1.5 g","Przygotuj kanapki z mozzarellą i zapiecz (opcjonalnie) z kiełbaskami i paseczkami papryki w airfryerze."
"Dzień 2","Kiełbaski delikatesowe z indyka","Kolacja","Kiełbaski delikatesowe z indyka","100 g",""
"Dzień 2","Papryka żółta słodka","Kolacja","Papryka żółta słodka","150 g",""
"Dzień 3","Kanapki z pastą jajeczną","Śniadanie","Bułka żytnia","100 g","Ugotuj jajko na półtwardo, rozgnieć widelcem, dodaj majonez i szczypiorek, dopraw solą i pieprzem, wymieszaj. Posmaruj pastą bułkę, połóż plastry warzyw. Drugą kanapkę przygotuj smarując pieczywo masłem, połóż szynkę i warzywa."
"Dzień 3","Kanapki z pastą jajeczną","Śniadanie","Jajko","120 g","Ugotuj jajko na półtwardo, rozgnieć widelcem, dodaj majonez i szczypiorek, dopraw solą i pieprzem, wymieszaj. Posmaruj pastą bułkę, połóż plastry warzyw. Drugą kanapkę przygotuj smarując pieczywo masłem, połóż szynkę i warzywa."
"Dzień 3","Kanapki z pastą jajeczną","Śniadanie","Majonez wegański substytut","15 g","Ugotuj jajko na półtwardo, rozgnieć widelcem, dodaj majonez i szczypiorek, dopraw solą i pieprzem, wymieszaj. Posmaruj pastą bułkę, połóż plastry warzyw. Drugą kanapkę przygotuj smarując pieczywo masłem, połóż szynkę i warzywa."
"Dzień 3","Kanapki z pastą jajeczną","Śniadanie","Sałata lodowa","80 g","Ugotuj jajko na półtwardo, rozgnieć widelcem, dodaj majonez i szczypiorek, dopraw solą i pieprzem, wymieszaj. Posmaruj pastą bułkę, połóż plastry warzyw. Drugą kanapkę przygotuj smarując pieczywo masłem, połóż szynkę i warzywa."
"Dzień 3","Kanapki z pastą jajeczną","Śniadanie","Ogórek","100 g","Ugotuj jajko na półtwardo, rozgnieć widelcem, dodaj majonez i szczypiorek, dopraw solą i pieprzem, wymieszaj. Posmaruj pastą bułkę, połóż plastry warzyw. Drugą kanapkę przygotuj smarując pieczywo masłem, połóż szynkę i warzywa."
"Dzień 3","Kanapki z pastą jajeczną","Śniadanie","Papryka czerwona słodka","100 g","Ugotuj jajko na półtwardo, rozgnieć widelcem, dodaj majonez i szczypiorek, dopraw solą i pieprzem, wymieszaj. Posmaruj pastą bułkę, połóż plastry warzyw. Drugą kanapkę przygotuj smarując pieczywo masłem, połóż szynkę i warzywa."
"Dzień 3","Kanapki z pastą jajeczną","Śniadanie","Szynka z indyka","15 g","Ugotuj jajko na półtwardo, rozgnieć widelcem, dodaj majonez i szczypiorek, dopraw solą i pieprzem, wymieszaj. Posmaruj pastą bułkę, połóż plastry warzyw. Drugą kanapkę przygotuj smarując pieczywo masłem, połóż szynkę i warzywa."
"Dzień 3","Kanapki z pastą jajeczną","Śniadanie","Masło","10 g","Ugotuj jajko na półtwardo, rozgnieć widelcem, dodaj majonez i szczypiorek, dopraw solą i pieprzem, wymieszaj. Posmaruj pastą bułkę, połóż plastry warzyw. Drugą kanapkę przygotuj smarując pieczywo masłem, połóż szynkę i warzywa."
"Dzień 3","Kanapki z pastą jajeczną","Śniadanie","Szczypiorek","10 g","Ugotuj jajko na półtwardo, rozgnieć widelcem, dodaj majonez i szczypiorek, dopraw solą i pieprzem, wymieszaj. Posmaruj pastą bułkę, połóż plastry warzyw. Drugą kanapkę przygotuj smarując pieczywo masłem, połóż szynkę i warzywa."
"Dzień 3","Koktajl jagodowy","Drugie śniadanie","Jogurt naturalny","200 g","Zblenduj składniki. Dolej wodę, jeśli potrzeba."
"Dzień 3","Koktajl jagodowy","Drugie śniadanie","Czarne jagody mrożone","100 g","Zblenduj składniki. Dolej wodę, jeśli potrzeba."
"Dzień 3","Koktajl jagodowy","Drugie śniadanie","Jabłko","100 g","Zblenduj składniki. Dolej wodę, jeśli potrzeba."
"Dzień 3","Kanapka z mozzarellą i pomidorem","Drugie śniadanie","Bułka grahamka","40 g","Pieczywo posmarować masłem. Następnie ułożyć sałatę, ser i plasterki sparzonego i obranego ze skórki pomidora."
"Dzień 3","Kanapka z mozzarellą i pomidorem","Drugie śniadanie","Masło","5 g","Pieczywo posmarować masłem. Następnie ułożyć sałatę, ser i plasterki sparzonego i obranego ze skórki pomidora."
"Dzień 3","Kanapka z mozzarellą i pomidorem","Drugie śniadanie","Ser mozzarella","60 g","Pieczywo posmarować masłem. Następnie ułożyć sałatę, ser i plasterki sparzonego i obranego ze skórki pomidora."
"Dzień 3","Kanapka z mozzarellą i pomidorem","Drugie śniadanie","Roszponka","10 g","Pieczywo posmarować masłem. Następnie ułożyć sałatę, ser i plasterki sparzonego i obranego ze skórki pomidora."
"Dzień 3","Kanapka z mozzarellą i pomidorem","Drugie śniadanie","Pomidor czerwony","80 g","Pieczywo posmarować masłem. Następnie ułożyć sałatę, ser i plasterki sparzonego i obranego ze skórki pomidora."
"Dzień 3","Zupa kalafiorowa","Obiad","Ziemniak","300 g","Podsmażyć krótko por i pokrojone obrane warzywa na oliwie, zalać wodą lub bulionem (ok. 2 szklanki). Ugotować włoszczyznę wraz z piersią indyka. Dodać ziele angielskie, pieprz ziarnisty, liście laurowe, koperek. Po kwadransie dodać kalafiora i szczyptę curry (opcjonalnie). Gotować na małym ogniu pół godziny. W razie potrzeby doprawić."
"Dzień 3","Zupa kalafiorowa","Obiad","Marchew","160 g","Podsmażyć krótko por i pokrojone obrane warzywa na oliwie, zalać wodą lub bulionem (ok. 2 szklanki). Ugotować włoszczyznę wraz z piersią indyka. Dodać ziele angielskie, pieprz ziarnisty, liście laurowe, koperek. Po kwadransie dodać kalafiora i szczyptę curry (opcjonalnie). Gotować na małym ogniu pół godziny. W razie potrzeby doprawić."
"Dzień 3","Zupa kalafiorowa","Obiad","Por","100 g","Podsmażyć krótko por i pokrojone obrane warzywa na oliwie, zalać wodą lub bulionem (ok. 2 szklanki). Ugotować włoszczyznę wraz z piersią indyka. Dodać ziele angielskie, pieprz ziarnisty, liście laurowe, koperek. Po kwadransie dodać kalafiora i szczyptę curry (opcjonalnie). Gotować na małym ogniu pół godziny. W razie potrzeby doprawić."
"Dzień 3","Zupa kalafiorowa","Obiad","Pietruszka","80 g","Podsmażyć krótko por i pokrojone obrane warzywa na oliwie, zalać wodą lub bulionem (ok. 2 szklanki). Ugotować włoszczyznę wraz z piersią indyka. Dodać ziele angielskie, pieprz ziarnisty, liście laurowe, koperek. Po kwadransie dodać kalafiora i szczyptę curry (opcjonalnie). Gotować na małym ogniu pół godziny. W razie potrzeby doprawić."
"Dzień 3","Zupa kalafiorowa","Obiad","Mięso z piersi indyka","200 g","Podsmażyć krótko por i pokrojone obrane warzywa na oliwie, zalać wodą lub bulionem (ok. 2 szklanki). Ugotować włoszczyznę wraz z piersią indyka. Dodać ziele angielskie, pieprz ziarnisty, liście laurowe, koperek. Po kwadransie dodać kalafiora i szczyptę curry (opcjonalnie). Gotować na małym ogniu pół godziny. W razie potrzeby doprawić."
"Dzień 3","Zupa kalafiorowa","Obiad","Pieprz czarny","2 g","Podsmażyć krótko por i pokrojone obrane warzywa na oliwie, zalać wodą lub bulionem (ok. 2 szklanki). Ugotować włoszczyznę wraz z piersią indyka. Dodać ziele angielskie, pieprz ziarnisty, liście laurowe, koperek. Po kwadransie dodać kalafiora i szczyptę curry (opcjonalnie). Gotować na małym ogniu pół godziny. W razie potrzeby doprawić."
"Dzień 3","Zupa kalafiorowa","Obiad","Liść laurowy","0 g","Podsmażyć krótko por i pokrojone obrane warzywa na oliwie, zalać wodą lub bulionem (ok. 2 szklanki). Ugotować włoszczyznę wraz z piersią indyka. Dodać ziele angielskie, pieprz ziarnisty, liście laurowe, koperek. Po kwadransie dodać kalafiora i szczyptę curry (opcjonalnie). Gotować na małym ogniu pół godziny. W razie potrzeby doprawić."
"Dzień 3","Zupa kalafiorowa","Obiad","Koper","18 g","Podsmażyć krótko por i pokrojone obrane warzywa na oliwie, zalać wodą lub bulionem (ok. 2 szklanki). Ugotować włoszczyznę wraz z piersią indyka. Dodać ziele angielskie, pieprz ziarnisty, liście laurowe, koperek. Po kwadransie dodać kalafiora i szczyptę curry (opcjonalnie). Gotować na małym ogniu pół godziny. W razie potrzeby doprawić."
"Dzień 3","Zupa kalafiorowa","Obiad","Kalafior","500 g","Podsmażyć krótko por i pokrojone obrane warzywa na oliwie, zalać wodą lub bulionem (ok. 2 szklanki). Ugotować włoszczyznę wraz z piersią indyka. Dodać ziele angielskie, pieprz ziarnisty, liście laurowe, koperek. Po kwadransie dodać kalafiora i szczyptę curry (opcjonalnie). Gotować na małym ogniu pół godziny. W razie potrzeby doprawić."
"Dzień 3","Zupa kalafiorowa","Obiad","Curry","2 g","Podsmażyć krótko por i pokrojone obrane warzywa na oliwie, zalać wodą lub bulionem (ok. 2 szklanki). Ugotować włoszczyznę wraz z piersią indyka. Dodać ziele angielskie, pieprz ziarnisty, liście laurowe, koperek. Po kwadransie dodać kalafiora i szczyptę curry (opcjonalnie). Gotować na małym ogniu pół godziny. W razie potrzeby doprawić."
"Dzień 3","Zupa kalafiorowa","Obiad","Oliwa z oliwek","20 g","Podsmażyć krótko por i pokrojone obrane warzywa na oliwie, zalać wodą lub bulionem (ok. 2 szklanki). Ugotować włoszczyznę wraz z piersią indyka. Dodać ziele angielskie, pieprz ziarnisty, liście laurowe, koperek. Po kwadransie dodać kalafiora i szczyptę curry (opcjonalnie). Gotować na małym ogniu pół godziny. W razie potrzeby doprawić."
"Dzień 3","Skyr naturalny pitny piątnica","Podwieczorek","Skyr naturalny pitny piątnica","330 g",""
"Dzień 3","Banan","Podwieczorek","Banan","120 g",""
"Dzień 3","Kanapki z kremowym serkiem i papryką","Kolacja","Chleb żytni razowy","70 g","Chleb posmaruj ricottą lub kremowym serkiem (możesz doprawić pieprzem lub ziołami prowansalskimi), połóż sałatę, plastry warzyw i szynki, posyp nasionami/pestkami."
"Dzień 3","Kanapki z kremowym serkiem i papryką","Kolacja","Papryka czerwona słodka","115 g","Chleb posmaruj ricottą lub kremowym serkiem (możesz doprawić pieprzem lub ziołami prowansalskimi), połóż sałatę, plastry warzyw i szynki, posyp nasionami/pestkami."
"Dzień 3","Kanapki z kremowym serkiem i papryką","Kolacja","Serek kremowy do smarowania","40 g","Chleb posmaruj ricottą lub kremowym serkiem (możesz doprawić pieprzem lub ziołami prowansalskimi), połóż sałatę, plastry warzyw i szynki, posyp nasionami/pestkami."
"Dzień 3","Kanapki z kremowym serkiem i papryką","Kolacja","Roszponka","50 g","Chleb posmaruj ricottą lub kremowym serkiem (możesz doprawić pieprzem lub ziołami prowansalskimi), połóż sałatę, plastry warzyw i szynki, posyp nasionami/pestkami."
"Dzień 3","Kanapki z kremowym serkiem i papryką","Kolacja","Szynka z indyka","30 g","Chleb posmaruj ricottą lub kremowym serkiem (możesz doprawić pieprzem lub ziołami prowansalskimi), połóż sałatę, plastry warzyw i szynki, posyp nasionami/pestkami."
"Dzień 3","Kanapki z kremowym serkiem i papryką","Kolacja","Ogórek","100 g","Chleb posmaruj ricottą lub kremowym serkiem (możesz doprawić pieprzem lub ziołami prowansalskimi), połóż sałatę, plastry warzyw i szynki, posyp nasionami/pestkami."
"Dzień 3","Kanapki z kremowym serkiem i papryką","Kolacja","Nasiona słonecznika","5 g","Chleb posmaruj ricottą lub kremowym serkiem (możesz doprawić pieprzem lub ziołami prowansalskimi), połóż sałatę, plastry warzyw i szynki, posyp nasionami/pestkami."
"Dzień 4","Pomidorowe tosty graham z szynką z indyka i mozzarellą","Śniadanie","Bułka razowa","100 g","Skropić pieczywo oliwą, kolejno nałożyć na kromki szynkę, mozzarellę i pokrojonego w plastry pomidora. Przyprawić. Kolejno złożyć kanapki i włożyć do opiekacza."
"Dzień 4","Pomidorowe tosty graham z szynką z indyka i mozzarellą","Śniadanie","Pomidor czerwony","170 g","Skropić pieczywo oliwą, kolejno nałożyć na kromki szynkę, mozzarellę i pokrojonego w plastry pomidora. Przyprawić. Kolejno złożyć kanapki i włożyć do opiekacza."
"Dzień 4","Pomidorowe tosty graham z szynką z indyka i mozzarellą","Śniadanie","Szynka z indyka","60 g","Skropić pieczywo oliwą, kolejno nałożyć na kromki szynkę, mozzarellę i pokrojonego w plastry pomidora. Przyprawić. Kolejno złożyć kanapki i włożyć do opiekacza."
"Dzień 4","Pomidorowe tosty graham z szynką z indyka i mozzarellą","Śniadanie","Oliwa z oliwek","5 g","Skropić pieczywo oliwą, kolejno nałożyć na kromki szynkę, mozzarellę i pokrojonego w plastry pomidora. Przyprawić. Kolejno złożyć kanapki i włożyć do opiekacza."
"Dzień 4","Pomidorowe tosty graham z szynką z indyka i mozzarellą","Śniadanie","Czosnek mielony","0.2 g","Skropić pieczywo oliwą, kolejno nałożyć na kromki szynkę, mozzarellę i pokrojonego w plastry pomidora. Przyprawić. Kolejno złożyć kanapki i włożyć do opiekacza."
"Dzień 4","Pomidorowe tosty graham z szynką z indyka i mozzarellą","Śniadanie","Ser mozzarella","60 g","Skropić pieczywo oliwą, kolejno nałożyć na kromki szynkę, mozzarellę i pokrojonego w plastry pomidora. Przyprawić. Kolejno złożyć kanapki i włożyć do opiekacza."
"Dzień 4","Energetyczna owsianka z nerkowcami","Drugie śniadanie","Płatki owsiane","50 g","Płatki zalej wrzątkiem, odstaw do nasiąknięcia, następnie dodaj posiekaną czekoladę i pozostałe składniki."
"Dzień 4","Energetyczna owsianka z nerkowcami","Drugie śniadanie","Jogurt naturalny","180 g","Płatki zalej wrzątkiem, odstaw do nasiąknięcia, następnie dodaj posiekaną czekoladę i pozostałe składniki."
"Dzień 4","Energetyczna owsianka z nerkowcami","Drugie śniadanie","Nerkowiec","25 g","Płatki zalej wrzątkiem, odstaw do nasiąknięcia, następnie dodaj posiekaną czekoladę i pozostałe składniki."
"Dzień 4","Energetyczna owsianka z nerkowcami","Drugie śniadanie","Czekolada gorzka 85% kakao","10 g","Płatki zalej wrzątkiem, odstaw do nasiąknięcia, następnie dodaj posiekaną czekoladę i pozostałe składniki."
"Dzień 4","Energetyczna owsianka z nerkowcami","Drugie śniadanie","Jabłko","100 g","Płatki zalej wrzątkiem, odstaw do nasiąknięcia, następnie dodaj posiekaną czekoladę i pozostałe składniki."
"Dzień 4","Frytki warzywne w ziołach","Obiad","Marchew","240 g","Warzywa obierz i pokrój w paski. Następnie obsyp solą i ziołami (bazylia, oregano, tymianek). Zapiecz do miękkości w airfryerze."
"Dzień 4","Frytki warzywne w ziołach","Obiad","Seler korzeniowy","300 g","Warzywa obierz i pokrój w paski. Następnie obsyp solą i ziołami (bazylia, oregano, tymianek). Zapiecz do miękkości w airfryerze."
"Dzień 4","Frytki warzywne w ziołach","Obiad","Oliwa z oliwek","15 g","Warzywa obierz i pokrój w paski. Następnie obsyp solą i ziołami (bazylia, oregano, tymianek). Zapiecz do miękkości w airfryerze."
"Dzień 4","Frytki warzywne w ziołach","Obiad","Tymianek suszony","2 g","Warzywa obierz i pokrój w paski. Następnie obsyp solą i ziołami (bazylia, oregano, tymianek). Zapiecz do miękkości w airfryerze."
"Dzień 4","Frytki warzywne w ziołach","Obiad","Bazylia","0.5 g","Warzywa obierz i pokrój w paski. Następnie obsyp solą i ziołami (bazylia, oregano, tymianek). Zapiecz do miękkości w airfryerze."
"Dzień 4","Frytki warzywne w ziołach","Obiad","Sól","3 g","Warzywa obierz i pokrój w paski. Następnie obsyp solą i ziołami (bazylia, oregano, tymianek). Zapiecz do miękkości w airfryerze."
"Dzień 4","Pierś z indyka caprese","Obiad","Mięso z piersi indyka","200 g","Przygotuj marynatę do mięsa: wymieszaj 1 łyżkę oleju, zioła, pieprz, sól i sprasowany czosnek. Kolejno natrzyj marynatą fileta i odstaw na 20 minut. Po tym czasie przełóż do naczynia żaroodpornego, natnij wzdłuż i w miejscach nacięć włóż na przemiennie plastry pomidora i mozzarelli. Piecz ok. 20 minut w 180°C. Podawaj z warzywami."
"Dzień 4","Pierś z indyka caprese","Obiad","Oliwa z oliwek","20 g","Przygotuj marynatę do mięsa: wymieszaj 1 łyżkę oleju, zioła, pieprz, sól i sprasowany czosnek. Kolejno natrzyj marynatą fileta i odstaw na 20 minut. Po tym czasie przełóż do naczynia żaroodpornego, natnij wzdłuż i w miejscach nacięć włóż na przemiennie plastry pomidora i mozzarelli. Piecz ok. 20 minut w 180°C. Podawaj z warzywami."
"Dzień 4","Pierś z indyka caprese","Obiad","Pomidor czerwony","340 g","Przygotuj marynatę do mięsa: wymieszaj 1 łyżkę oleju, zioła, pieprz, sól i sprasowany czosnek. Kolejno natrzyj marynatą fileta i odstaw na 20 minut. Po tym czasie przełóż do naczynia żaroodpornego, natnij wzdłuż i w miejscach nacięć włóż na przemiennie plastry pomidora i mozzarelli. Piecz ok. 20 minut w 180°C. Podawaj z warzywami."
"Dzień 4","Pierś z indyka caprese","Obiad","Mozzarella light","120 g","Przygotuj marynatę do mięsa: wymieszaj 1 łyżkę oleju, zioła, pieprz, sól i sprasowany czosnek. Kolejno natrzyj marynatą fileta i odstaw na 20 minut. Po tym czasie przełóż do naczynia żaroodpornego, natnij wzdłuż i w miejscach nacięć włóż na przemiennie plastry pomidora i mozzarelli. Piecz ok. 20 minut w 180°C. Podawaj z warzywami."
"Dzień 4","Pierś z indyka caprese","Obiad","Czosnek surowy","5 g","Przygotuj marynatę do mięsa: wymieszaj 1 łyżkę oleju, zioła, pieprz, sól i sprasowany czosnek. Kolejno natrzyj marynatą fileta i odstaw na 20 minut. Po tym czasie przełóż do naczynia żaroodpornego, natnij wzdłuż i w miejscach nacięć włóż na przemiennie plastry pomidora i mozzarelli. Piecz ok. 20 minut w 180°C. Podawaj z warzywami."
"Dzień 4","Pierś z indyka caprese","Obiad","Sól","0.2 g","Przygotuj marynatę do mięsa: wymieszaj 1 łyżkę oleju, zioła, pieprz, sól i sprasowany czosnek. Kolejno natrzyj marynatą fileta i odstaw na 20 minut. Po tym czasie przełóż do naczynia żaroodpornego, natnij wzdłuż i w miejscach nacięć włóż na przemiennie plastry pomidora i mozzarelli. Piecz ok. 20 minut w 180°C. Podawaj z warzywami."
"Dzień 4","Pierś z indyka caprese","Obiad","Zioła prowansalskie","0.2 g","Przygotuj marynatę do mięsa: wymieszaj 1 łyżkę oleju, zioła, pieprz, sól i sprasowany czosnek. Kolejno natrzyj marynatą fileta i odstaw na 20 minut. Po tym czasie przełóż do naczynia żaroodpornego, natnij wzdłuż i w miejscach nacięć włóż na przemiennie plastry pomidora i mozzarelli. Piecz ok. 20 minut w 180°C. Podawaj z warzywami."
"Dzień 4","Pierś z indyka caprese","Obiad","Pieprz czarny","0.2 g","Przygotuj marynatę do mięsa: wymieszaj 1 łyżkę oleju, zioła, pieprz, sól i sprasowany czosnek. Kolejno natrzyj marynatą fileta i odstaw na 20 minut. Po tym czasie przełóż do naczynia żaroodpornego, natnij wzdłuż i w miejscach nacięć włóż na przemiennie plastry pomidora i mozzarelli. Piecz ok. 20 minut w 180°C. Podawaj z warzywami."
"Dzień 4","Ciastko Frank&Oli orzechowe","Podwieczorek","Ciastko Frank&Oli orzechowe","50 g",""
"Dzień 4","Kanapki z twarożkiem i szczypiorkiem","Kolacja","Chleb żytni razowy","70 g","Twaróg wymieszaj z jogurtem oraz posiekaną drobno papryką, natką pietruszki lub szczypiorkiem i dopraw solą i pieprzem. Posmaruj pieczywo, połóż sałatę i słonecznikiem/pestkami dyni."
"Dzień 4","Kanapki z twarożkiem i szczypiorkiem","Kolacja","Papryka czerwona słodka","100 g","Twaróg wymieszaj z jogurtem oraz posiekaną drobno papryką, natką pietruszki lub szczypiorkiem i dopraw solą i pieprzem. Posmaruj pieczywo, połóż sałatę i słonecznikiem/pestkami dyni."
"Dzień 4","Kanapki z twarożkiem i szczypiorkiem","Kolacja","Twaróg chudy","150 g","Twaróg wymieszaj z jogurtem oraz posiekaną drobno papryką, natką pietruszki lub szczypiorkiem i dopraw solą i pieprzem. Posmaruj pieczywo, połóż sałatę i słonecznikiem/pestkami dyni."
"Dzień 4","Kanapki z twarożkiem i szczypiorkiem","Kolacja","Sałata lodowa","80 g","Twaróg wymieszaj z jogurtem oraz posiekaną drobno papryką, natką pietruszki lub szczypiorkiem i dopraw solą i pieprzem. Posmaruj pieczywo, połóż sałatę i słonecznikiem/pestkami dyni."
"Dzień 4","Kanapki z twarożkiem i szczypiorkiem","Kolacja","Nasiona słonecznika","10 g","Twaróg wymieszaj z jogurtem oraz posiekaną drobno papryką, natką pietruszki lub szczypiorkiem i dopraw solą i pieprzem. Posmaruj pieczywo, połóż sałatę i słonecznikiem/pestkami dyni."
"Dzień 4","Kanapki z twarożkiem i szczypiorkiem","Kolacja","Szczypiorek","5 g","Twaróg wymieszaj z jogurtem oraz posiekaną drobno papryką, natką pietruszki lub szczypiorkiem i dopraw solą i pieprzem. Posmaruj pieczywo, połóż sałatę i słonecznikiem/pestkami dyni."
"Dzień 4","Kanapki z twarożkiem i szczypiorkiem","Kolacja","Jogurt naturalny","40 g","Twaróg wymieszaj z jogurtem oraz posiekaną drobno papryką, natką pietruszki lub szczypiorkiem i dopraw solą i pieprzem. Posmaruj pieczywo, połóż sałatę i słonecznikiem/pestkami dyni."
"Dzień 5","Sałatka z łososiem z grzankami","Śniadanie","Roszponka","25 g","Wymieszaj posiekane drobno warzywa, kawałki łososia i sera, dodatki na postać sałatki. Podaj z pieczywem/grzankami."
"Dzień 5","Sałatka z łososiem z grzankami","Śniadanie","Łosoś wędzony","60 g","Wymieszaj posiekane drobno warzywa, kawałki łososia i sera, dodatki na postać sałatki. Podaj z pieczywem/grzankami."
"Dzień 5","Sałatka z łososiem z grzankami","Śniadanie","Papryka żółta słodka","100 g","Wymieszaj posiekane drobno warzywa, kawałki łososia i sera, dodatki na postać sałatki. Podaj z pieczywem/grzankami."
"Dzień 5","Sałatka z łososiem z grzankami","Śniadanie","Bazylia","10 g","Wymieszaj posiekane drobno warzywa, kawałki łososia i sera, dodatki na postać sałatki. Podaj z pieczywem/grzankami."
"Dzień 5","Sałatka z łososiem z grzankami","Śniadanie","Pomidorki koktajlowe","100 g","Wymieszaj posiekane drobno warzywa, kawałki łososia i sera, dodatki na postać sałatki. Podaj z pieczywem/grzankami."
"Dzień 5","Sałatka z łososiem z grzankami","Śniadanie","Oliwa z oliwek","10 g","Wymieszaj posiekane drobno warzywa, kawałki łososia i sera, dodatki na postać sałatki. Podaj z pieczywem/grzankami."
"Dzień 5","Sałatka z łososiem z grzankami","Śniadanie","Sok z cytryny","3 g","Wymieszaj posiekane drobno warzywa, kawałki łososia i sera, dodatki na postać sałatki. Podaj z pieczywem/grzankami."
"Dzień 5","Sałatka z łososiem z grzankami","Śniadanie","Musztarda","10 g","Wymieszaj posiekane drobno warzywa, kawałki łososia i sera, dodatki na postać sałatki. Podaj z pieczywem/grzankami."
"Dzień 5","Sałatka z łososiem z grzankami","Śniadanie","Pieprz czarny","2.5 g","Wymieszaj posiekane drobno warzywa, kawałki łososia i sera, dodatki na postać sałatki. Podaj z pieczywem/grzankami."
"Dzień 5","Sałatka z łososiem z grzankami","Śniadanie","Sól","2 g","Wymieszaj posiekane drobno warzywa, kawałki łososia i sera, dodatki na postać sałatki. Podaj z pieczywem/grzankami."
"Dzień 5","Sałatka z łososiem z grzankami","Śniadanie","Ser mozzarella","45 g","Wymieszaj posiekane drobno warzywa, kawałki łososia i sera, dodatki na postać sałatki. Podaj z pieczywem/grzankami."
"Dzień 5","Sałatka z łososiem z grzankami","Śniadanie","Bułka grahamka","80 g","Wymieszaj posiekane drobno warzywa, kawałki łososia i sera, dodatki na postać sałatki. Podaj z pieczywem/grzankami."
"Dzień 5","Serek wiejski na słodko","Drugie śniadanie","Serek wiejski","200 g","Zblenduj lub wymieszaj kawałki owocu z jogurtem i masłem orzechowym 100%, posyp kakao lub cynamonem."
"Dzień 5","Serek wiejski na słodko","Drugie śniadanie","Pasta orzechowa","15 g","Zblenduj lub wymieszaj kawałki owocu z jogurtem i masłem orzechowym 100%, posyp kakao lub cynamonem."
"Dzień 5","Serek wiejski na słodko","Drugie śniadanie","Cynamon mielony","0.4 g","Zblenduj lub wymieszaj kawałki owocu z jogurtem i masłem orzechowym 100%, posyp kakao lub cynamonem."
"Dzień 5","Serek wiejski na słodko","Drugie śniadanie","Gruszka","130 g","Zblenduj lub wymieszaj kawałki owocu z jogurtem i masłem orzechowym 100%, posyp kakao lub cynamonem."
"Dzień 5","Domowe muesli","Drugie śniadanie","Płatki owsiane","60 g","Posiekaj orzechy. Wymieszaj z płatkami owsianymi, siemieniem i wiórkami kokosa i praż na suchej patelni na małym ogniu do zarumienienia. Podawaj z jogurtem i owocami."
"Dzień 5","Domowe muesli","Drugie śniadanie","Nerkowiec","15 g","Posiekaj orzechy. Wymieszaj z płatkami owsianymi, siemieniem i wiórkami kokosa i praż na suchej patelni na małym ogniu do zarumienienia. Podawaj z jogurtem i owocami."
"Dzień 5","Domowe muesli","Drugie śniadanie","Orzech laskowy","15 g","Posiekaj orzechy. Wymieszaj z płatkami owsianymi, siemieniem i wiórkami kokosa i praż na suchej patelni na małym ogniu do zarumienienia. Podawaj z jogurtem i owocami."
"Dzień 5","Domowe muesli","Drugie śniadanie","Nasiona słonecznika","10 g","Posiekaj orzechy. Wymieszaj z płatkami owsianymi, siemieniem i wiórkami kokosa i praż na suchej patelni na małym ogniu do zarumienienia. Podawaj z jogurtem i owocami."
"Dzień 5","Domowe muesli","Drugie śniadanie","Siemię lniane","5 g","Posiekaj orzechy. Wymieszaj z płatkami owsianymi, siemieniem i wiórkami kokosa i praż na suchej patelni na małym ogniu do zarumienienia. Podawaj z jogurtem i owocami."
"Dzień 5","Zupa pomidorowa z makaronem","Obiad","Pietruszka","80 g","Przygotuj warzywa: Marchewkę, pietruszkę i pora umyj, obierz i pokrój w plasterki lub kostkę. Podsmaż warzywa w dużym garnku na oliwie. Dodaj pokrojone świeże pomidory oraz pomidory z puszki. Gotuj przez kilka minut, aż pomidory się rozpadną. Zalej bulionem/wodą. Dodaj bulion drobiowy, liść laurowy. Gotuj całość przez 15-20 minut. Dodaj ugotowane mięso z kurczaka/indyka pokrojone na mniejsze kawałki. Dodaj ugotowany makaron ryżowy. Dodaj posiekaną natkę pietruszki, dopraw solą i pieprzem."
"Dzień 5","Zupa pomidorowa z makaronem","Obiad","Por","50 g","Przygotuj warzywa: Marchewkę, pietruszkę i pora umyj, obierz i pokrój w plasterki lub kostkę. Podsmaż warzywa w dużym garnku na oliwie. Dodaj pokrojone świeże pomidory oraz pomidory z puszki. Gotuj przez kilka minut, aż pomidory się rozpadną. Zalej bulionem/wodą. Dodaj bulion drobiowy, liść laurowy. Gotuj całość przez 15-20 minut. Dodaj ugotowane mięso z kurczaka/indyka pokrojone na mniejsze kawałki. Dodaj ugotowany makaron ryżowy. Dodaj posiekaną natkę pietruszki, dopraw solą i pieprzem."
"Dzień 5","Zupa pomidorowa z makaronem","Obiad","Pomidor czerwony","680 g","Przygotuj warzywa: Marchewkę, pietruszkę i pora umyj, obierz i pokrój w plasterki lub kostkę. Podsmaż warzywa w dużym garnku na oliwie. Dodaj pokrojone świeże pomidory oraz pomidory z puszki. Gotuj przez kilka minut, aż pomidory się rozpadną. Zalej bulionem/wodą. Dodaj bulion drobiowy, liść laurowy. Gotuj całość przez 15-20 minut. Dodaj ugotowane mięso z kurczaka/indyka pokrojone na mniejsze kawałki. Dodaj ugotowany makaron ryżowy. Dodaj posiekaną natkę pietruszki, dopraw solą i pieprzem."
"Dzień 5","Zupa pomidorowa z makaronem","Obiad","Pietruszka natka","20 g","Przygotuj warzywa: Marchewkę, pietruszkę i pora umyj, obierz i pokrój w plasterki lub kostkę. Podsmaż warzywa w dużym garnku na oliwie. Dodaj pokrojone świeże pomidory oraz pomidory z puszki. Gotuj przez kilka minut, aż pomidory się rozpadną. Zalej bulionem/wodą. Dodaj bulion drobiowy, liść laurowy. Gotuj całość przez 15-20 minut. Dodaj ugotowane mięso z kurczaka/indyka pokrojone na mniejsze kawałki. Dodaj ugotowany makaron ryżowy. Dodaj posiekaną natkę pietruszki, dopraw solą i pieprzem."
"Dzień 5","Zupa pomidorowa z makaronem","Obiad","Pomidory w puszce purée","300 g","Przygotuj warzywa: Marchewkę, pietruszkę i pora umyj, obierz i pokrój w plasterki lub kostkę. Podsmaż warzywa w dużym garnku na oliwie. Dodaj pokrojone świeże pomidory oraz pomidory z puszki. Gotuj przez kilka minut, aż pomidory się rozpadną. Zalej bulionem/wodą. Dodaj bulion drobiowy, liść laurowy. Gotuj całość przez 15-20 minut. Dodaj ugotowane mięso z kurczaka/indyka pokrojone na mniejsze kawałki. Dodaj ugotowany makaron ryżowy. Dodaj posiekaną natkę pietruszki, dopraw solą i pieprzem."
"Dzień 5","Zupa pomidorowa z makaronem","Obiad","Oliwa z oliwek","15 g","Przygotuj warzywa: Marchewkę, pietruszkę i pora umyj, obierz i pokrój w plasterki lub kostkę. Podsmaż warzywa w dużym garnku na oliwie. Dodaj pokrojone świeże pomidory oraz pomidory z puszki. Gotuj przez kilka minut, aż pomidory się rozpadną. Zalej bulionem/wodą. Dodaj bulion drobiowy, liść laurowy. Gotuj całość przez 15-20 minut. Dodaj ugotowane mięso z kurczaka/indyka pokrojone na mniejsze kawałki. Dodaj ugotowany makaron ryżowy. Dodaj posiekaną natkę pietruszki, dopraw solą i pieprzem."
"Dzień 5","Zupa pomidorowa z makaronem","Obiad","Makaron penne","80 g","Przygotuj warzywa: Marchewkę, pietruszkę i pora umyj, obierz i pokrój w plasterki lub kostkę. Podsmaż warzywa w dużym garnku na oliwie. Dodaj pokrojone świeże pomidory oraz pomidory z puszki. Gotuj przez kilka minut, aż pomidory się rozpadną. Zalej bulionem/wodą. Dodaj bulion drobiowy, liść laurowy. Gotuj całość przez 15-20 minut. Dodaj ugotowane mięso z kurczaka/indyka pokrojone na mniejsze kawałki. Dodaj ugotowany makaron ryżowy. Dodaj posiekaną natkę pietruszki, dopraw solą i pieprzem."
"Dzień 5","Zupa pomidorowa z makaronem","Obiad","Liść laurowy","2 g","Przygotuj warzywa: Marchewkę, pietruszkę i pora umyj, obierz i pokrój w plasterki lub kostkę. Podsmaż warzywa w dużym garnku na oliwie. Dodaj pokrojone świeże pomidory oraz pomidory z puszki. Gotuj przez kilka minut, aż pomidory się rozpadną. Zalej bulionem/wodą. Dodaj bulion drobiowy, liść laurowy. Gotuj całość przez 15-20 minut. Dodaj ugotowane mięso z kurczaka/indyka pokrojone na mniejsze kawałki. Dodaj ugotowany makaron ryżowy. Dodaj posiekaną natkę pietruszki, dopraw solą i pieprzem."
"Dzień 5","Zupa pomidorowa z makaronem","Obiad","Mięso z piersi indyka","200 g","Przygotuj warzywa: Marchewkę, pietruszkę i pora umyj, obierz i pokrój w plasterki lub kostkę. Podsmaż warzywa w dużym garnku na oliwie. Dodaj pokrojone świeże pomidory oraz pomidory z puszki. Gotuj przez kilka minut, aż pomidory się rozpadną. Zalej bulionem/wodą. Dodaj bulion drobiowy, liść laurowy. Gotuj całość przez 15-20 minut. Dodaj ugotowane mięso z kurczaka/indyka pokrojone na mniejsze kawałki. Dodaj ugotowany makaron ryżowy. Dodaj posiekaną natkę pietruszki, dopraw solą i pieprzem."
"Dzień 5","Zupa pomidorowa z makaronem","Obiad","Cebula","50 g","Przygotuj warzywa: Marchewkę, pietruszkę i pora umyj, obierz i pokrój w plasterki lub kostkę. Podsmaż warzywa w dużym garnku na oliwie. Dodaj pokrojone świeże pomidory oraz pomidory z puszki. Gotuj przez kilka minut, aż pomidory się rozpadną. Zalej bulionem/wodą. Dodaj bulion drobiowy, liść laurowy. Gotuj całość przez 15-20 minut. Dodaj ugotowane mięso z kurczaka/indyka pokrojone na mniejsze kawałki. Dodaj ugotowany makaron ryżowy. Dodaj posiekaną natkę pietruszki, dopraw solą i pieprzem."
"Dzień 5","Zupa pomidorowa z makaronem","Obiad","Marchew","160 g","Przygotuj warzywa: Marchewkę, pietruszkę i pora umyj, obierz i pokrój w plasterki lub kostkę. Podsmaż warzywa w dużym garnku na oliwie. Dodaj pokrojone świeże pomidory oraz pomidory z puszki. Gotuj przez kilka minut, aż pomidory się rozpadną. Zalej bulionem/wodą. Dodaj bulion drobiowy, liść laurowy. Gotuj całość przez 15-20 minut. Dodaj ugotowane mięso z kurczaka/indyka pokrojone na mniejsze kawałki. Dodaj ugotowany makaron ryżowy. Dodaj posiekaną natkę pietruszki, dopraw solą i pieprzem."
"Dzień 5","Jogurt naturalny","Podwieczorek","Jogurt naturalny","160 g",""
"Dzień 5","Nerkowiec","Podwieczorek","Nerkowiec","20 g",""
"Dzień 5","Czarne jagody mrożone","Podwieczorek","Czarne jagody mrożone","100 g",""
"Dzień 5","Jajko na grzankach z ajvarem","Kolacja","Chleb graham","60 g","Jajka ugotuj w dowolny sposób, chleb podpiecz, posmaruj ajvarem, Połóż plastry jajka, skrop oliwą i dymką, dodaj pomidorki."
"Dzień 5","Jajko na grzankach z ajvarem","Kolacja","Jajko","120 g","Jajka ugotuj w dowolny sposób, chleb podpiecz, posmaruj ajvarem, Połóż plastry jajka, skrop oliwą i dymką, dodaj pomidorki."
"Dzień 5","Jajko na grzankach z ajvarem","Kolacja","Ajvar pasta paprykow-bakłażanowa łagodna","50 g","Jajka ugotuj w dowolny sposób, chleb podpiecz, posmaruj ajvarem, Połóż plastry jajka, skrop oliwą i dymką, dodaj pomidorki."
"Dzień 5","Jajko na grzankach z ajvarem","Kolacja","Pomidorki koktajlowe","80 g","Jajka ugotuj w dowolny sposób, chleb podpiecz, posmaruj ajvarem, Połóż plastry jajka, skrop oliwą i dymką, dodaj pomidorki."
"Dzień 5","Jajko na grzankach z ajvarem","Kolacja","Cebula dymka","5 g","Jajka ugotuj w dowolny sposób, chleb podpiecz, posmaruj ajvarem, Połóż plastry jajka, skrop oliwą i dymką, dodaj pomidorki."
"Dzień 5","Jajko na grzankach z ajvarem","Kolacja","Oliwa z oliwek","5 g","Jajka ugotuj w dowolny sposób, chleb podpiecz, posmaruj ajvarem, Połóż plastry jajka, skrop oliwą i dymką, dodaj pomidorki."
"Dzień 5","Jajko na grzankach z ajvarem","Kolacja","Sok z cytryny","3 g","Jajka ugotuj w dowolny sposób, chleb podpiecz, posmaruj ajvarem, Połóż plastry jajka, skrop oliwą i dymką, dodaj pomidorki."
"Dzień 6","Wrap z serkiem i szynką","Śniadanie","Serek kremowy do smarowania","40 g","Tortille posmaruj serkiem, dodaj plasterki szynki/łososia, szczypiorek i warzywa, skrop oliwą."
"Dzień 6","Wrap z serkiem i szynką","Śniadanie","Szynka z indyka","60 g","Tortille posmaruj serkiem, dodaj plasterki szynki/łososia, szczypiorek i warzywa, skrop oliwą."
"Dzień 6","Wrap z serkiem i szynką","Śniadanie","Ogórek","100 g","Tortille posmaruj serkiem, dodaj plasterki szynki/łososia, szczypiorek i warzywa, skrop oliwą."
"Dzień 6","Wrap z serkiem i szynką","Śniadanie","Szczypiorek","5 g","Tortille posmaruj serkiem, dodaj plasterki szynki/łososia, szczypiorek i warzywa, skrop oliwą."
"Dzień 6","Wrap z serkiem i szynką","Śniadanie","Sól","0.2 g","Tortille posmaruj serkiem, dodaj plasterki szynki/łososia, szczypiorek i warzywa, skrop oliwą."
"Dzień 6","Wrap z serkiem i szynką","Śniadanie","Pieprz czarny","0.2 g","Tortille posmaruj serkiem, dodaj plasterki szynki/łososia, szczypiorek i warzywa, skrop oliwą."
"Dzień 6","Wrap z serkiem i szynką","Śniadanie","Tortilla pełnoziarnista","124 g","Tortille posmaruj serkiem, dodaj plasterki szynki/łososia, szczypiorek i warzywa, skrop oliwą."
"Dzień 6","Wrap z serkiem i szynką","Śniadanie","Oliwa z oliwek","5 g","Tortille posmaruj serkiem, dodaj plasterki szynki/łososia, szczypiorek i warzywa, skrop oliwą."
"Dzień 6","Wrap z serkiem i szynką","Śniadanie","Papryka żółta słodka","100 g","Tortille posmaruj serkiem, dodaj plasterki szynki/łososia, szczypiorek i warzywa, skrop oliwą."
"Dzień 6","Jogurt z jagodami i chia","Drugie śniadanie","Czarne jagody mrożone","150 g","Dodaj do jogurtu owoce i resztę składników."
"Dzień 6","Jogurt z jagodami i chia","Drugie śniadanie","Jogurt naturalny","200 g","Dodaj do jogurtu owoce i resztę składników."
"Dzień 6","Jogurt z jagodami i chia","Drugie śniadanie","Cynamon mielony","1 g","Dodaj do jogurtu owoce i resztę składników."
"Dzień 6","Jogurt z jagodami i chia","Drugie śniadanie","Płatki migdałowe","10 g","Dodaj do jogurtu owoce i resztę składników."
"Dzień 6","Domowe muesli","Drugie śniadanie","Płatki owsiane","60 g","Posiekaj orzechy. Wymieszaj z płatkami owsianymi, siemieniem i wiórkami kokosa i praż na suchej patelni na małym ogniu do zarumienienia. Podawaj z jogurtem i owocami."
"Dzień 6","Domowe muesli","Drugie śniadanie","Nerkowiec","15 g","Posiekaj orzechy. Wymieszaj z płatkami owsianymi, siemieniem i wiórkami kokosa i praż na suchej patelni na małym ogniu do zarumienienia. Podawaj z jogurtem i owocami."
"Dzień 6","Domowe muesli","Drugie śniadanie","Orzech laskowy","15 g","Posiekaj orzechy. Wymieszaj z płatkami owsianymi, siemieniem i wiórkami kokosa i praż na suchej patelni na małym ogniu do zarumienienia. Podawaj z jogurtem i owocami."
"Dzień 6","Domowe muesli","Drugie śniadanie","Nasiona słonecznika","10 g","Posiekaj orzechy. Wymieszaj z płatkami owsianymi, siemieniem i wiórkami kokosa i praż na suchej patelni na małym ogniu do zarumienienia. Podawaj z jogurtem i owocami."
"Dzień 6","Domowe muesli","Drugie śniadanie","Siemię lniane","5 g","Posiekaj orzechy. Wymieszaj z płatkami owsianymi, siemieniem i wiórkami kokosa i praż na suchej patelni na małym ogniu do zarumienienia. Podawaj z jogurtem i owocami."
"Dzień 6","Mizeria","Obiad","Ogórek","200 g","Ogórki obrać i zetrzeć na tarce lub pokroić w cienkie plasterki. Przygotować sos z oliwy, soku z cytryny, jogurtu i przypraw. Wymieszać całość z posiekanym koperkiem."
"Dzień 6","Mizeria","Obiad","Koper","20 g","Ogórki obrać i zetrzeć na tarce lub pokroić w cienkie plasterki. Przygotować sos z oliwy, soku z cytryny, jogurtu i przypraw. Wymieszać całość z posiekanym koperkiem."
"Dzień 6","Mizeria","Obiad","Oliwa z oliwek","10 g","Ogórki obrać i zetrzeć na tarce lub pokroić w cienkie plasterki. Przygotować sos z oliwy, soku z cytryny, jogurtu i przypraw. Wymieszać całość z posiekanym koperkiem."
"Dzień 6","Mizeria","Obiad","Sok z cytryny","6 g","Ogórki obrać i zetrzeć na tarce lub pokroić w cienkie plasterki. Przygotować sos z oliwy, soku z cytryny, jogurtu i przypraw. Wymieszać całość z posiekanym koperkiem."
"Dzień 6","Mizeria","Obiad","Jogurt naturalny","200 g","Ogórki obrać i zetrzeć na tarce lub pokroić w cienkie plasterki. Przygotować sos z oliwy, soku z cytryny, jogurtu i przypraw. Wymieszać całość z posiekanym koperkiem."
"Dzień 6","Mizeria","Obiad","Sól","0.4 g","Ogórki obrać i zetrzeć na tarce lub pokroić w cienkie plasterki. Przygotować sos z oliwy, soku z cytryny, jogurtu i przypraw. Wymieszać całość z posiekanym koperkiem."
"Dzień 6","Mizeria","Obiad","Pieprz czarny","0.4 g","Ogórki obrać i zetrzeć na tarce lub pokroić w cienkie plasterki. Przygotować sos z oliwy, soku z cytryny, jogurtu i przypraw. Wymieszać całość z posiekanym koperkiem."
"Dzień 6","Frytki z marchewki w ziołach","Obiad","Bazylia suszona","2 g","1. Pokrój marchewki w słupki. 2. Skrop oliwą. 3. Całość przypraw i wymieszaj. 4. Nagrzej piekarnik do 200 st. Piecz 30 min."
"Dzień 6","Frytki z marchewki w ziołach","Obiad","Oregano suszone","2 g","1. Pokrój marchewki w słupki. 2. Skrop oliwą. 3. Całość przypraw i wymieszaj. 4. Nagrzej piekarnik do 200 st. Piecz 30 min."
"Dzień 6","Frytki z marchewki w ziołach","Obiad","Papryka słodka mielona","4 g","1. Pokrój marchewki w słupki. 2. Skrop oliwą. 3. Całość przypraw i wymieszaj. 4. Nagrzej piekarnik do 200 st. Piecz 30 min."
"Dzień 6","Frytki z marchewki w ziołach","Obiad","Sól","6 g","1. Pokrój marchewki w słupki. 2. Skrop oliwą. 3. Całość przypraw i wymieszaj. 4. Nagrzej piekarnik do 200 st. Piecz 30 min."
"Dzień 6","Frytki z marchewki w ziołach","Obiad","Pieprz czarny","2 g","1. Pokrój marchewki w słupki. 2. Skrop oliwą. 3. Całość przypraw i wymieszaj. 4. Nagrzej piekarnik do 200 st. Piecz 30 min."
"Dzień 6","Frytki z marchewki w ziołach","Obiad","Marchew","160 g","1. Pokrój marchewki w słupki. 2. Skrop oliwą. 3. Całość przypraw i wymieszaj. 4. Nagrzej piekarnik do 200 st. Piecz 30 min."
"Dzień 6","Frytki z marchewki w ziołach","Obiad","Pietruszka","160 g","1. Pokrój marchewki w słupki. 2. Skrop oliwą. 3. Całość przypraw i wymieszaj. 4. Nagrzej piekarnik do 200 st. Piecz 30 min."
"Dzień 6","Burger pietruszkowy","Obiad","Wołowina mielona","300 g","Mięso wymieszaj z posiekaną natką, czosnkiem, dopraw wg uznania. Uformuj burgera i upiecz do miękkości w airfryerze. Podaj z warzywami i mizerią."
"Dzień 6","Burger pietruszkowy","Obiad","Pietruszka natka","12 g","Mięso wymieszaj z posiekaną natką, czosnkiem, dopraw wg uznania. Uformuj burgera i upiecz do miękkości w airfryerze. Podaj z warzywami i mizerią."
"Dzień 6","Burger pietruszkowy","Obiad","Czosnek surowy","5 g","Mięso wymieszaj z posiekaną natką, czosnkiem, dopraw wg uznania. Uformuj burgera i upiecz do miękkości w airfryerze. Podaj z warzywami i mizerią."
"Dzień 6","Banan","Podwieczorek","Banan","120 g",""
"Dzień 6","Kanapki z awokado i serkiem","Kolacja","Bułka żytnia","100 g","Awokado rozgnieć widelcem z serkiem, dopraw. Nałóż pastę na chleb, połóż plastry warzyw i posyp bazylią/natką."
"Dzień 6","Kanapki z awokado i serkiem","Kolacja","Awokado","70 g","Awokado rozgnieć widelcem z serkiem, dopraw. Nałóż pastę na chleb, połóż plastry warzyw i posyp bazylią/natką."
"Dzień 6","Kanapki z awokado i serkiem","Kolacja","Serek wiejski lekki","150 g","Awokado rozgnieć widelcem z serkiem, dopraw. Nałóż pastę na chleb, połóż plastry warzyw i posyp bazylią/natką."
"Dzień 6","Kanapki z awokado i serkiem","Kolacja","Ogórek","50 g","Awokado rozgnieć widelcem z serkiem, dopraw. Nałóż pastę na chleb, połóż plastry warzyw i posyp bazylią/natką."
"Dzień 6","Kanapki z awokado i serkiem","Kolacja","Bazylia","2 g","Awokado rozgnieć widelcem z serkiem, dopraw. Nałóż pastę na chleb, połóż plastry warzyw i posyp bazylią/natką."
"Dzień 6","Kanapki z awokado i serkiem","Kolacja","Pieprz czarny","2 g","Awokado rozgnieć widelcem z serkiem, dopraw. Nałóż pastę na chleb, połóż plastry warzyw i posyp bazylią/natką."
"Dzień 6","Kanapki z awokado i serkiem","Kolacja","Pomidor czerwony","170 g","Awokado rozgnieć widelcem z serkiem, dopraw. Nałóż pastę na chleb, połóż plastry warzyw i posyp bazylią/natką."
"Dzień 7","Jajecznica z pomidorami","Śniadanie","Jajko","120 g","Oliwę rozgrzej na patelni. Następnie dodaj pokrojoną w kostkę paprykę, wbij jaja i smaż je do ścięcia. Na przygotowaną jajecznicę ułóż pokrojonego w kostkę pomidora. Na tej samej patelni lub w opiekaczu przygotuj grzanki z kromek pieczywa. Posmaruj pastą warzywną i połóż plastry szynki."
"Dzień 7","Jajecznica z pomidorami","Śniadanie","Papryka czerwona słodka","50 g","Oliwę rozgrzej na patelni. Następnie dodaj pokrojoną w kostkę paprykę, wbij jaja i smaż je do ścięcia. Na przygotowaną jajecznicę ułóż pokrojonego w kostkę pomidora. Na tej samej patelni lub w opiekaczu przygotuj grzanki z kromek pieczywa. Posmaruj pastą warzywną i połóż plastry szynki."
"Dzień 7","Jajecznica z pomidorami","Śniadanie","Pomidor czerwony","170 g","Oliwę rozgrzej na patelni. Następnie dodaj pokrojoną w kostkę paprykę, wbij jaja i smaż je do ścięcia. Na przygotowaną jajecznicę ułóż pokrojonego w kostkę pomidora. Na tej samej patelni lub w opiekaczu przygotuj grzanki z kromek pieczywa. Posmaruj pastą warzywną i połóż plastry szynki."
"Dzień 7","Jajecznica z pomidorami","Śniadanie","Oliwa z oliwek","10 g","Oliwę rozgrzej na patelni. Następnie dodaj pokrojoną w kostkę paprykę, wbij jaja i smaż je do ścięcia. Na przygotowaną jajecznicę ułóż pokrojonego w kostkę pomidora. Na tej samej patelni lub w opiekaczu przygotuj grzanki z kromek pieczywa. Posmaruj pastą warzywną i połóż plastry szynki."
"Dzień 7","Jajecznica z pomidorami","Śniadanie","Ajvar pasta paprykow-bakłażanowa łagodna","50 g","Oliwę rozgrzej na patelni. Następnie dodaj pokrojoną w kostkę paprykę, wbij jaja i smaż je do ścięcia. Na przygotowaną jajecznicę ułóż pokrojonego w kostkę pomidora. Na tej samej patelni lub w opiekaczu przygotuj grzanki z kromek pieczywa. Posmaruj pastą warzywną i połóż plastry szynki."
"Dzień 7","Jajecznica z pomidorami","Śniadanie","Szynka wiejska","30 g","Oliwę rozgrzej na patelni. Następnie dodaj pokrojoną w kostkę paprykę, wbij jaja i smaż je do ścięcia. Na przygotowaną jajecznicę ułóż pokrojonego w kostkę pomidora. Na tej samej patelni lub w opiekaczu przygotuj grzanki z kromek pieczywa. Posmaruj pastą warzywną i połóż plastry szynki."
"Dzień 7","Jajecznica z pomidorami","Śniadanie","Bułka razowa","80 g","Oliwę rozgrzej na patelni. Następnie dodaj pokrojoną w kostkę paprykę, wbij jaja i smaż je do ścięcia. Na przygotowaną jajecznicę ułóż pokrojonego w kostkę pomidora. Na tej samej patelni lub w opiekaczu przygotuj grzanki z kromek pieczywa. Posmaruj pastą warzywną i połóż plastry szynki."
"Dzień 7","Owsianka z czekoladą i gruszką","Drugie śniadanie","Płatki owsiane","50 g","Płatki zalać wrzątkiem (można poprzedniego dnia) i odstawić do napęcznienia. Do gotowej owsianki dodać owoce i dodatki, wymieszać."
"Dzień 7","Owsianka z czekoladą i gruszką","Drugie śniadanie","Gruszka","130 g","Płatki zalać wrzątkiem (można poprzedniego dnia) i odstawić do napęcznienia. Do gotowej owsianki dodać owoce i dodatki, wymieszać."
"Dzień 7","Owsianka z czekoladą i gruszką","Drugie śniadanie","Jogurt naturalny","180 g","Płatki zalać wrzątkiem (można poprzedniego dnia) i odstawić do napęcznienia. Do gotowej owsianki dodać owoce i dodatki, wymieszać."
"Dzień 7","Owsianka z czekoladą i gruszką","Drugie śniadanie","Cynamon mielony","2 g","Płatki zalać wrzątkiem (można poprzedniego dnia) i odstawić do napęcznienia. Do gotowej owsianki dodać owoce i dodatki, wymieszać."
"Dzień 7","Owsianka z czekoladą i gruszką","Drugie śniadanie","Płatki migdałowe","10 g","Płatki zalać wrzątkiem (można poprzedniego dnia) i odstawić do napęcznienia. Do gotowej owsianki dodać owoce i dodatki, wymieszać."
"Dzień 7","Owsianka z czekoladą i gruszką","Drugie śniadanie","Czekolada gorzka 85% kakao","20 g","Płatki zalać wrzątkiem (można poprzedniego dnia) i odstawić do napęcznienia. Do gotowej owsianki dodać owoce i dodatki, wymieszać."
"Dzień 7","Schab pieczony z kaszą i duszoną cukinią","Obiad","Schab wołowy","300 g","Schab natrzeć oliwą z czosnkiem i przyprawami: szczypta soli, pieprzu, tymianku, ziół prowansalskich, papryki czerwonej słodkiej. Schab piec w folii w piekarniku nagrzanym do 180°C przez 30 minut. Cukinię obrać i pokroić w półksiężyce, poddusić z pomidorem bez skórki i doprawić bazylią, solą i pieprzem. Mięso podawać z ugotowaną kaszą i duszonymi warzywami."
"Dzień 7","Schab pieczony z kaszą i duszoną cukinią","Obiad","Kasza jaglana","60 g","Schab natrzeć oliwą z czosnkiem i przyprawami: szczypta soli, pieprzu, tymianku, ziół prowansalskich, papryki czerwonej słodkiej. Schab piec w folii w piekarniku nagrzanym do 180°C przez 30 minut. Cukinię obrać i pokroić w półksiężyce, poddusić z pomidorem bez skórki i doprawić bazylią, solą i pieprzem. Mięso podawać z ugotowaną kaszą i duszonymi warzywami."
"Dzień 7","Schab pieczony z kaszą i duszoną cukinią","Obiad","Cukinia","300 g","Schab natrzeć oliwą z czosnkiem i przyprawami: szczypta soli, pieprzu, tymianku, ziół prowansalskich, papryki czerwonej słodkiej. Schab piec w folii w piekarniku nagrzanym do 180°C przez 30 minut. Cukinię obrać i pokroić w półksiężyce, poddusić z pomidorem bez skórki i doprawić bazylią, solą i pieprzem. Mięso podawać z ugotowaną kaszą i duszonymi warzywami."
"Dzień 7","Schab pieczony z kaszą i duszoną cukinią","Obiad","Pomidor czerwony","340 g","Schab natrzeć oliwą z czosnkiem i przyprawami: szczypta soli, pieprzu, tymianku, ziół prowansalskich, papryki czerwonej słodkiej. Schab piec w folii w piekarniku nagrzanym do 180°C przez 30 minut. Cukinię obrać i pokroić w półksiężyce, poddusić z pomidorem bez skórki i doprawić bazylią, solą i pieprzem. Mięso podawać z ugotowaną kaszą i duszonymi warzywami."
"Dzień 7","Schab pieczony z kaszą i duszoną cukinią","Obiad","Oliwa z oliwek","10 g","Schab natrzeć oliwą z czosnkiem i przyprawami: szczypta soli, pieprzu, tymianku, ziół prowansalskich, papryki czerwonej słodkiej. Schab piec w folii w piekarniku nagrzanym do 180°C przez 30 minut. Cukinię obrać i pokroić w półksiężyce, poddusić z pomidorem bez skórki i doprawić bazylią, solą i pieprzem. Mięso podawać z ugotowaną kaszą i duszonymi warzywami."
"Dzień 7","Schab pieczony z kaszą i duszoną cukinią","Obiad","Czosnek surowy","5 g","Schab natrzeć oliwą z czosnkiem i przyprawami: szczypta soli, pieprzu, tymianku, ziół prowansalskich, papryki czerwonej słodkiej. Schab piec w folii w piekarniku nagrzanym do 180°C przez 30 minut. Cukinię obrać i pokroić w półksiężyce, poddusić z pomidorem bez skórki i doprawić bazylią, solą i pieprzem. Mięso podawać z ugotowaną kaszą i duszonymi warzywami."
"Dzień 7","Schab pieczony z kaszą i duszoną cukinią","Obiad","Bazylia","10 g","Schab natrzeć oliwą z czosnkiem i przyprawami: szczypta soli, pieprzu, tymianku, ziół prowansalskich, papryki czerwonej słodkiej. Schab piec w folii w piekarniku nagrzanym do 180°C przez 30 minut. Cukinię obrać i pokroić w półksiężyce, poddusić z pomidorem bez skórki i doprawić bazylią, solą i pieprzem. Mięso podawać z ugotowaną kaszą i duszonymi warzywami."
"Dzień 7","Sos czosnkowy","Obiad","Jogurt naturalny","100 g","Czosnek przeciśnij przez praskę. Połącz dokładnie ze wszystkimi składnikami."
"Dzień 7","Sos czosnkowy","Obiad","Czosnek surowy","2 g","Czosnek przeciśnij przez praskę. Połącz dokładnie ze wszystkimi składnikami."
"Dzień 7","Sos czosnkowy","Obiad","Majonez wegański substytut","8 g","Czosnek przeciśnij przez praskę. Połącz dokładnie ze wszystkimi składnikami."
"Dzień 7","Ciastko Frank&Oli orzechowe","Podwieczorek","Ciastko Frank&Oli orzechowe","50 g",""
"Dzień 7","Czekolada gorzka 85% kakao","Podwieczorek","Czekolada gorzka 85% kakao","20 g",""
"Dzień 7","Kanapka z serkiem i pomidorem","Kolacja","Chleb graham","60 g","Serek posmaruj na pieczywie, dodaj zioła i plasterki pomidora. Podaj z podgrzanymi (opcjonalnie) kiełbaskami i ajvarem."
"Dzień 7","Kanapka z serkiem i pomidorem","Kolacja","Serek kremowy do smarowania","36 g","Serek posmaruj na pieczywie, dodaj zioła i plasterki pomidora. Podaj z podgrzanymi (opcjonalnie) kiełbaskami i ajvarem."
"Dzień 7","Kanapka z serkiem i pomidorem","Kolacja","Pomidor czerwony","170 g","Serek posmaruj na pieczywie, dodaj zioła i plasterki pomidora. Podaj z podgrzanymi (opcjonalnie) kiełbaskami i ajvarem."
"Dzień 7","Kanapka z serkiem i pomidorem","Kolacja","Sól","0.2 g","Serek posmaruj na pieczywie, dodaj zioła i plasterki pomidora. Podaj z podgrzanymi (opcjonalnie) kiełbaskami i ajvarem."
"Dzień 7","Kanapka z serkiem i pomidorem","Kolacja","Pieprz czarny","0.2 g","Serek posmaruj na pieczywie, dodaj zioła i plasterki pomidora. Podaj z podgrzanymi (opcjonalnie) kiełbaskami i ajvarem."
"Dzień 7","Kanapka z serkiem i pomidorem","Kolacja","Zioła prowansalskie","1.5 g","Serek posmaruj na pieczywie, dodaj zioła i plasterki pomidora. Podaj z podgrzanymi (opcjonalnie) kiełbaskami i ajvarem."
"Dzień 7","Kiełbaski delikatesowe z indyka","Kolacja","Kiełbaski delikatesowe z indyka","100 g",""
"Dzień 7","Ajvar pasta paprykow-bakłażanowa łagodna","Kolacja","Ajvar pasta paprykow-bakłażanowa łagodna","30 g",""
